Month,Product Category,CPI
2004-10-01T00:00:00Z,All items,0.032
2004-10-01T00:00:00Z,Food,0.034
2004-10-01T00:00:00Z,Food at home,0.035
2004-10-01T00:00:00Z,Food away from home,0.033
2004-10-01T00:00:00Z,Energy,0.152
2004-10-01T00:00:00Z,Gasoline (all types),0.266
2004-10-01T00:00:00Z,Electricity,0.009
2004-10-01T00:00:00Z,Natural gas (piped),0.08
2004-10-01T00:00:00Z,All items less food and energy,0.02
2004-10-01T00:00:00Z,Commodities less food and energy commodities,0.001
2004-10-01T00:00:00Z,Apparel,-0.006
2004-10-01T00:00:00Z,New vehicles,-0.004
2004-10-01T00:00:00Z,Medical care commodities,0.026
2004-10-01T00:00:00Z,Services less energy services,0.028
2004-10-01T00:00:00Z,Shelter,0.027
2004-10-01T00:00:00Z,Medical care services,0.051
2004-10-01T00:00:00Z,Education and communication,0.014
2004-11-01T00:00:00Z,All items,0.035
2004-11-01T00:00:00Z,Food,0.032
2004-11-01T00:00:00Z,Food at home,0.031
2004-11-01T00:00:00Z,Food away from home,0.032
2004-11-01T00:00:00Z,Energy,0.192
2004-11-01T00:00:00Z,Gasoline (all types),0.309
2004-11-01T00:00:00Z,Electricity,0.023
2004-11-01T00:00:00Z,Natural gas (piped),0.171
2004-11-01T00:00:00Z,All items less food and energy,0.022
2004-11-01T00:00:00Z,Commodities less food and energy commodities,0.005
2004-11-01T00:00:00Z,Apparel,-0.001
2004-11-01T00:00:00Z,New vehicles,0.003
2004-11-01T00:00:00Z,Medical care commodities,0.027
2004-11-01T00:00:00Z,Services less energy services,0.028
2004-11-01T00:00:00Z,Shelter,0.027
2004-11-01T00:00:00Z,Medical care services,0.05
2004-11-01T00:00:00Z,Education and communication,0.017
2004-12-01T00:00:00Z,All items,0.033
2004-12-01T00:00:00Z,Food,0.027
2004-12-01T00:00:00Z,Food at home,0.024
2004-12-01T00:00:00Z,Food away from home,0.03
2004-12-01T00:00:00Z,Energy,0.166
2004-12-01T00:00:00Z,Gasoline (all types),0.261
2004-12-01T00:00:00Z,Electricity,0.021
2004-12-01T00:00:00Z,Natural gas (piped),0.164
2004-12-01T00:00:00Z,All items less food and energy,0.022
2004-12-01T00:00:00Z,Commodities less food and energy commodities,0.006
2004-12-01T00:00:00Z,Apparel,-0.002
2004-12-01T00:00:00Z,New vehicles,0.006
2004-12-01T00:00:00Z,Medical care commodities,0.022
2004-12-01T00:00:00Z,Services less energy services,0.028
2004-12-01T00:00:00Z,Shelter,0.027
2004-12-01T00:00:00Z,Medical care services,0.049
2004-12-01T00:00:00Z,Education and communication,0.015
2005-01-01T00:00:00Z,All items,0.03
2005-01-01T00:00:00Z,Food,0.029
2005-01-01T00:00:00Z,Food at home,0.027
2005-01-01T00:00:00Z,Food away from home,0.032
2005-01-01T00:00:00Z,Energy,0.106
2005-01-01T00:00:00Z,Gasoline (all types),0.143
2005-01-01T00:00:00Z,Electricity,0.035
2005-01-01T00:00:00Z,Natural gas (piped),0.112
2005-01-01T00:00:00Z,All items less food and energy,0.023
2005-01-01T00:00:00Z,Commodities less food and energy commodities,0.009
2005-01-01T00:00:00Z,Apparel,0.003
2005-01-01T00:00:00Z,New vehicles,0.013
2005-01-01T00:00:00Z,Medical care commodities,0.023
2005-01-01T00:00:00Z,Services less energy services,0.028
2005-01-01T00:00:00Z,Shelter,0.027
2005-01-01T00:00:00Z,Medical care services,0.05
2005-01-01T00:00:00Z,Education and communication,0.014
2005-02-01T00:00:00Z,All items,0.03
2005-02-01T00:00:00Z,Food,0.026
2005-02-01T00:00:00Z,Food at home,0.022
2005-02-01T00:00:00Z,Food away from home,0.032
2005-02-01T00:00:00Z,Energy,0.104
2005-02-01T00:00:00Z,Gasoline (all types),0.147
2005-02-01T00:00:00Z,Electricity,0.032
2005-02-01T00:00:00Z,Natural gas (piped),0.09
2005-02-01T00:00:00Z,All items less food and energy,0.024
2005-02-01T00:00:00Z,Commodities less food and energy commodities,0.007
2005-02-01T00:00:00Z,Apparel,0.001
2005-02-01T00:00:00Z,New vehicles,0.012
2005-02-01T00:00:00Z,Medical care commodities,0.023
2005-02-01T00:00:00Z,Services less energy services,0.03
2005-02-01T00:00:00Z,Shelter,0.03
2005-02-01T00:00:00Z,Medical care services,0.05
2005-02-01T00:00:00Z,Education and communication,0.014
2005-03-01T00:00:00Z,All items,0.031
2005-03-01T00:00:00Z,Food,0.025
2005-03-01T00:00:00Z,Food at home,0.021
2005-03-01T00:00:00Z,Food away from home,0.032
2005-03-01T00:00:00Z,Energy,0.124
2005-03-01T00:00:00Z,Gasoline (all types),0.168
2005-03-01T00:00:00Z,Electricity,0.043
2005-03-01T00:00:00Z,Natural gas (piped),0.109
2005-03-01T00:00:00Z,All items less food and energy,0.023
2005-03-01T00:00:00Z,Commodities less food and energy commodities,0.006
2005-03-01T00:00:00Z,Apparel,0
2005-03-01T00:00:00Z,New vehicles,0.009
2005-03-01T00:00:00Z,Medical care commodities,0.022
2005-03-01T00:00:00Z,Services less energy services,0.03
2005-03-01T00:00:00Z,Shelter,0.03
2005-03-01T00:00:00Z,Medical care services,0.05
2005-03-01T00:00:00Z,Education and communication,0.014
2005-04-01T00:00:00Z,All items,0.035
2005-04-01T00:00:00Z,Food,0.031
2005-04-01T00:00:00Z,Food at home,0.031
2005-04-01T00:00:00Z,Food away from home,0.032
2005-04-01T00:00:00Z,Energy,0.171
2005-04-01T00:00:00Z,Gasoline (all types),0.242
2005-04-01T00:00:00Z,Electricity,0.041
2005-04-01T00:00:00Z,Natural gas (piped),0.164
2005-04-01T00:00:00Z,All items less food and energy,0.022
2005-04-01T00:00:00Z,Commodities less food and energy commodities,0.005
2005-04-01T00:00:00Z,Apparel,-0.005
2005-04-01T00:00:00Z,New vehicles,0.009
2005-04-01T00:00:00Z,Medical care commodities,0.019
2005-04-01T00:00:00Z,Services less energy services,0.029
2005-04-01T00:00:00Z,Shelter,0.027
2005-04-01T00:00:00Z,Medical care services,0.05
2005-04-01T00:00:00Z,Education and communication,0.018
2005-05-01T00:00:00Z,All items,0.028
2005-05-01T00:00:00Z,Food,0.024
2005-05-01T00:00:00Z,Food at home,0.02
2005-05-01T00:00:00Z,Food away from home,0.032
2005-05-01T00:00:00Z,Energy,0.099
2005-05-01T00:00:00Z,Gasoline (all types),0.103
2005-05-01T00:00:00Z,Electricity,0.05
2005-05-01T00:00:00Z,Natural gas (piped),0.147
2005-05-01T00:00:00Z,All items less food and energy,0.022
2005-05-01T00:00:00Z,Commodities less food and energy commodities,0.006
2005-05-01T00:00:00Z,Apparel,-0.008
2005-05-01T00:00:00Z,New vehicles,0.009
2005-05-01T00:00:00Z,Medical care commodities,0.02
2005-05-01T00:00:00Z,Services less energy services,0.027
2005-05-01T00:00:00Z,Shelter,0.024
2005-05-01T00:00:00Z,Medical care services,0.05
2005-05-01T00:00:00Z,Education and communication,0.019
2005-06-01T00:00:00Z,All items,0.025
2005-06-01T00:00:00Z,Food,0.022
2005-06-01T00:00:00Z,Food at home,0.014
2005-06-01T00:00:00Z,Food away from home,0.033
2005-06-01T00:00:00Z,Energy,0.073
2005-06-01T00:00:00Z,Gasoline (all types),0.069
2005-06-01T00:00:00Z,Electricity,0.056
2005-06-01T00:00:00Z,Natural gas (piped),0.077
2005-06-01T00:00:00Z,All items less food and energy,0.02
2005-06-01T00:00:00Z,Commodities less food and energy commodities,0.004
2005-06-01T00:00:00Z,Apparel,-0.015
2005-06-01T00:00:00Z,New vehicles,0.007
2005-06-01T00:00:00Z,Medical care commodities,0.022
2005-06-01T00:00:00Z,Services less energy services,0.027
2005-06-01T00:00:00Z,Shelter,0.024
2005-06-01T00:00:00Z,Medical care services,0.048
2005-06-01T00:00:00Z,Education and communication,0.018
2005-07-01T00:00:00Z,All items,0.032
2005-07-01T00:00:00Z,Food,0.021
2005-07-01T00:00:00Z,Food at home,0.014
2005-07-01T00:00:00Z,Food away from home,0.031
2005-07-01T00:00:00Z,Energy,0.142
2005-07-01T00:00:00Z,Gasoline (all types),0.195
2005-07-01T00:00:00Z,Electricity,0.055
2005-07-01T00:00:00Z,Natural gas (piped),0.106
2005-07-01T00:00:00Z,All items less food and energy,0.021
2005-07-01T00:00:00Z,Commodities less food and energy commodities,0.005
2005-07-01T00:00:00Z,Apparel,-0.018
2005-07-01T00:00:00Z,New vehicles,0.003
2005-07-01T00:00:00Z,Medical care commodities,0.024
2005-07-01T00:00:00Z,Services less energy services,0.028
2005-07-01T00:00:00Z,Shelter,0.025
2005-07-01T00:00:00Z,Medical care services,0.048
2005-07-01T00:00:00Z,Education and communication,0.018
2005-08-01T00:00:00Z,All items,0.036
2005-08-01T00:00:00Z,Food,0.022
2005-08-01T00:00:00Z,Food at home,0.015
2005-08-01T00:00:00Z,Food away from home,0.031
2005-08-01T00:00:00Z,Energy,0.202
2005-08-01T00:00:00Z,Gasoline (all types),0.313
2005-08-01T00:00:00Z,Electricity,0.057
2005-08-01T00:00:00Z,Natural gas (piped),0.119
2005-08-01T00:00:00Z,All items less food and energy,0.021
2005-08-01T00:00:00Z,Commodities less food and energy commodities,0.007
2005-08-01T00:00:00Z,Apparel,-0.006
2005-08-01T00:00:00Z,New vehicles,0.001
2005-08-01T00:00:00Z,Medical care commodities,0.025
2005-08-01T00:00:00Z,Services less energy services,0.027
2005-08-01T00:00:00Z,Shelter,0.024
2005-08-01T00:00:00Z,Medical care services,0.044
2005-08-01T00:00:00Z,Education and communication,0.018
2005-09-01T00:00:00Z,All items,0.047
2005-09-01T00:00:00Z,Food,0.025
2005-09-01T00:00:00Z,Food at home,0.021
2005-09-01T00:00:00Z,Food away from home,0.03
2005-09-01T00:00:00Z,Energy,0.348
2005-09-01T00:00:00Z,Gasoline (all types),0.548
2005-09-01T00:00:00Z,Electricity,0.064
2005-09-01T00:00:00Z,Natural gas (piped),0.281
2005-09-01T00:00:00Z,All items less food and energy,0.02
2005-09-01T00:00:00Z,Commodities less food and energy commodities,0.006
2005-09-01T00:00:00Z,Apparel,-0.006
2005-09-01T00:00:00Z,New vehicles,0.007
2005-09-01T00:00:00Z,Medical care commodities,0.025
2005-09-01T00:00:00Z,Services less energy services,0.025
2005-09-01T00:00:00Z,Shelter,0.019
2005-09-01T00:00:00Z,Medical care services,0.044
2005-09-01T00:00:00Z,Education and communication,0.021
2005-10-01T00:00:00Z,All items,0.043
2005-10-01T00:00:00Z,Food,0.022
2005-10-01T00:00:00Z,Food at home,0.015
2005-10-01T00:00:00Z,Food away from home,0.031
2005-10-01T00:00:00Z,Energy,0.295
2005-10-01T00:00:00Z,Gasoline (all types),0.37
2005-10-01T00:00:00Z,Electricity,0.084
2005-10-01T00:00:00Z,Natural gas (piped),0.453
2005-10-01T00:00:00Z,All items less food and energy,0.021
2005-10-01T00:00:00Z,Commodities less food and energy commodities,0.004
2005-10-01T00:00:00Z,Apparel,-0.011
2005-10-01T00:00:00Z,New vehicles,0.009
2005-10-01T00:00:00Z,Medical care commodities,0.026
2005-10-01T00:00:00Z,Services less energy services,0.027
2005-10-01T00:00:00Z,Shelter,0.023
2005-10-01T00:00:00Z,Medical care services,0.046
2005-10-01T00:00:00Z,Education and communication,0.023
2005-11-01T00:00:00Z,All items,0.035
2005-11-01T00:00:00Z,Food,0.022
2005-11-01T00:00:00Z,Food at home,0.015
2005-11-01T00:00:00Z,Food away from home,0.032
2005-11-01T00:00:00Z,Energy,0.183
2005-11-01T00:00:00Z,Gasoline (all types),0.161
2005-11-01T00:00:00Z,Electricity,0.114
2005-11-01T00:00:00Z,Natural gas (piped),0.361
2005-11-01T00:00:00Z,All items less food and energy,0.021
2005-11-01T00:00:00Z,Commodities less food and energy commodities,0.001
2005-11-01T00:00:00Z,Apparel,-0.012
2005-11-01T00:00:00Z,New vehicles,0.001
2005-11-01T00:00:00Z,Medical care commodities,0.034
2005-11-01T00:00:00Z,Services less energy services,0.029
2005-11-01T00:00:00Z,Shelter,0.025
2005-11-01T00:00:00Z,Medical care services,0.048
2005-11-01T00:00:00Z,Education and communication,0.023
2005-12-01T00:00:00Z,All items,0.034
2005-12-01T00:00:00Z,Food,0.023
2005-12-01T00:00:00Z,Food at home,0.017
2005-12-01T00:00:00Z,Food away from home,0.032
2005-12-01T00:00:00Z,Energy,0.171
2005-12-01T00:00:00Z,Gasoline (all types),0.161
2005-12-01T00:00:00Z,Electricity,0.107
2005-12-01T00:00:00Z,Natural gas (piped),0.302
2005-12-01T00:00:00Z,All items less food and energy,0.022
2005-12-01T00:00:00Z,Commodities less food and energy commodities,0.002
2005-12-01T00:00:00Z,Apparel,-0.011
2005-12-01T00:00:00Z,New vehicles,-0.004
2005-12-01T00:00:00Z,Medical care commodities,0.037
2005-12-01T00:00:00Z,Services less energy services,0.029
2005-12-01T00:00:00Z,Shelter,0.026
2005-12-01T00:00:00Z,Medical care services,0.045
2005-12-01T00:00:00Z,Education and communication,0.024
2006-01-01T00:00:00Z,All items,0.04
2006-01-01T00:00:00Z,Food,0.026
2006-01-01T00:00:00Z,Food at home,0.024
2006-01-01T00:00:00Z,Food away from home,0.03
2006-01-01T00:00:00Z,Energy,0.248
2006-01-01T00:00:00Z,Gasoline (all types),0.274
2006-01-01T00:00:00Z,Electricity,0.15
2006-01-01T00:00:00Z,Natural gas (piped),0.345
2006-01-01T00:00:00Z,All items less food and energy,0.021
2006-01-01T00:00:00Z,Commodities less food and energy commodities,0.001
2006-01-01T00:00:00Z,Apparel,-0.01
2006-01-01T00:00:00Z,New vehicles,-0.004
2006-01-01T00:00:00Z,Medical care commodities,0.038
2006-01-01T00:00:00Z,Services less energy services,0.029
2006-01-01T00:00:00Z,Shelter,0.026
2006-01-01T00:00:00Z,Medical care services,0.041
2006-01-01T00:00:00Z,Education and communication,0.027
2006-02-01T00:00:00Z,All items,0.036
2006-02-01T00:00:00Z,Food,0.028
2006-02-01T00:00:00Z,Food at home,0.024
2006-02-01T00:00:00Z,Food away from home,0.03
2006-02-01T00:00:00Z,Energy,0.201
2006-02-01T00:00:00Z,Gasoline (all types),0.206
2006-02-01T00:00:00Z,Electricity,0.154
2006-02-01T00:00:00Z,Natural gas (piped),0.267
2006-02-01T00:00:00Z,All items less food and energy,0.021
2006-02-01T00:00:00Z,Commodities less food and energy commodities,0
2006-02-01T00:00:00Z,Apparel,-0.018
2006-02-01T00:00:00Z,New vehicles,-0.004
2006-02-01T00:00:00Z,Medical care commodities,0.038
2006-02-01T00:00:00Z,Services less energy services,0.029
2006-02-01T00:00:00Z,Shelter,0.026
2006-02-01T00:00:00Z,Medical care services,0.041
2006-02-01T00:00:00Z,Education and communication,0.026
2006-03-01T00:00:00Z,All items,0.034
2006-03-01T00:00:00Z,Food,0.026
2006-03-01T00:00:00Z,Food at home,0.022
2006-03-01T00:00:00Z,Food away from home,0.031
2006-03-01T00:00:00Z,Energy,0.173
2006-03-01T00:00:00Z,Gasoline (all types),0.17
2006-03-01T00:00:00Z,Electricity,0.149
2006-03-01T00:00:00Z,Natural gas (piped),0.219
2006-03-01T00:00:00Z,All items less food and energy,0.021
2006-03-01T00:00:00Z,Commodities less food and energy commodities,0.003
2006-03-01T00:00:00Z,Apparel,-0.012
2006-03-01T00:00:00Z,New vehicles,-0.002
2006-03-01T00:00:00Z,Medical care commodities,0.041
2006-03-01T00:00:00Z,Services less energy services,0.028
2006-03-01T00:00:00Z,Shelter,0.025
2006-03-01T00:00:00Z,Medical care services,0.041
2006-03-01T00:00:00Z,Education and communication,0.026
2006-04-01T00:00:00Z,All items,0.035
2006-04-01T00:00:00Z,Food,0.018
2006-04-01T00:00:00Z,Food at home,0.009
2006-04-01T00:00:00Z,Food away from home,0.031
2006-04-01T00:00:00Z,Energy,0.178
2006-04-01T00:00:00Z,Gasoline (all types),0.215
2006-04-01T00:00:00Z,Electricity,0.148
2006-04-01T00:00:00Z,Natural gas (piped),0.11
2006-04-01T00:00:00Z,All items less food and energy,0.023
2006-04-01T00:00:00Z,Commodities less food and energy commodities,0.004
2006-04-01T00:00:00Z,Apparel,-0.002
2006-04-01T00:00:00Z,New vehicles,-0.003
2006-04-01T00:00:00Z,Medical care commodities,0.043
2006-04-01T00:00:00Z,Services less energy services,0.031
2006-04-01T00:00:00Z,Shelter,0.028
2006-04-01T00:00:00Z,Medical care services,0.041
2006-04-01T00:00:00Z,Education and communication,0.026
2006-05-01T00:00:00Z,All items,0.042
2006-05-01T00:00:00Z,Food,0.019
2006-05-01T00:00:00Z,Food at home,0.008
2006-05-01T00:00:00Z,Food away from home,0.032
2006-05-01T00:00:00Z,Energy,0.236
2006-05-01T00:00:00Z,Gasoline (all types),0.334
2006-05-01T00:00:00Z,Electricity,0.13
2006-05-01T00:00:00Z,Natural gas (piped),0.1
2006-05-01T00:00:00Z,All items less food and energy,0.024
2006-05-01T00:00:00Z,Commodities less food and energy commodities,0.003
2006-05-01T00:00:00Z,Apparel,0
2006-05-01T00:00:00Z,New vehicles,-0.007
2006-05-01T00:00:00Z,Medical care commodities,0.043
2006-05-01T00:00:00Z,Services less energy services,0.033
2006-05-01T00:00:00Z,Shelter,0.032
2006-05-01T00:00:00Z,Medical care services,0.041
2006-05-01T00:00:00Z,Education and communication,0.027
2006-06-01T00:00:00Z,All items,0.043
2006-06-01T00:00:00Z,Food,0.022
2006-06-01T00:00:00Z,Food at home,0.015
2006-06-01T00:00:00Z,Food away from home,0.031
2006-06-01T00:00:00Z,Energy,0.233
2006-06-01T00:00:00Z,Gasoline (all types),0.34
2006-06-01T00:00:00Z,Electricity,0.128
2006-06-01T00:00:00Z,Natural gas (piped),0.076
2006-06-01T00:00:00Z,All items less food and energy,0.026
2006-06-01T00:00:00Z,Commodities less food and energy commodities,0.005
2006-06-01T00:00:00Z,Apparel,0.005
2006-06-01T00:00:00Z,New vehicles,-0.007
2006-06-01T00:00:00Z,Medical care commodities,0.039
2006-06-01T00:00:00Z,Services less energy services,0.035
2006-06-01T00:00:00Z,Shelter,0.034
2006-06-01T00:00:00Z,Medical care services,0.042
2006-06-01T00:00:00Z,Education and communication,0.027
2006-07-01T00:00:00Z,All items,0.041
2006-07-01T00:00:00Z,Food,0.022
2006-07-01T00:00:00Z,Food at home,0.015
2006-07-01T00:00:00Z,Food away from home,0.032
2006-07-01T00:00:00Z,Energy,0.205
2006-07-01T00:00:00Z,Gasoline (all types),0.296
2006-07-01T00:00:00Z,Electricity,0.127
2006-07-01T00:00:00Z,Natural gas (piped),0.04
2006-07-01T00:00:00Z,All items less food and energy,0.027
2006-07-01T00:00:00Z,Commodities less food and energy commodities,0.005
2006-07-01T00:00:00Z,Apparel,0
2006-07-01T00:00:00Z,New vehicles,0.004
2006-07-01T00:00:00Z,Medical care commodities,0.039
2006-07-01T00:00:00Z,Services less energy services,0.035
2006-07-01T00:00:00Z,Shelter,0.035
2006-07-01T00:00:00Z,Medical care services,0.04
2006-07-01T00:00:00Z,Education and communication,0.03
2006-08-01T00:00:00Z,All items,0.038
2006-08-01T00:00:00Z,Food,0.024
2006-08-01T00:00:00Z,Food at home,0.019
2006-08-01T00:00:00Z,Food away from home,0.031
2006-08-01T00:00:00Z,Energy,0.151
2006-08-01T00:00:00Z,Gasoline (all types),0.196
2006-08-01T00:00:00Z,Electricity,0.12
2006-08-01T00:00:00Z,Natural gas (piped),0.028
2006-08-01T00:00:00Z,All items less food and energy,0.028
2006-08-01T00:00:00Z,Commodities less food and energy commodities,0.006
2006-08-01T00:00:00Z,Apparel,0.003
2006-08-01T00:00:00Z,New vehicles,0.01
2006-08-01T00:00:00Z,Medical care commodities,0.039
2006-08-01T00:00:00Z,Services less energy services,0.037
2006-08-01T00:00:00Z,Shelter,0.038
2006-08-01T00:00:00Z,Medical care services,0.044
2006-08-01T00:00:00Z,Education and communication,0.033
2006-09-01T00:00:00Z,All items,0.021
2006-09-01T00:00:00Z,Food,0.025
2006-09-01T00:00:00Z,Food at home,0.022
2006-09-01T00:00:00Z,Food away from home,0.03
2006-09-01T00:00:00Z,Energy,-0.043
2006-09-01T00:00:00Z,Gasoline (all types),-0.119
2006-09-01T00:00:00Z,Electricity,0.118
2006-09-01T00:00:00Z,Natural gas (piped),-0.061
2006-09-01T00:00:00Z,All items less food and energy,0.029
2006-09-01T00:00:00Z,Commodities less food and energy commodities,0.005
2006-09-01T00:00:00Z,Apparel,0.01
2006-09-01T00:00:00Z,New vehicles,0.004
2006-09-01T00:00:00Z,Medical care commodities,0.037
2006-09-01T00:00:00Z,Services less energy services,0.039
2006-09-01T00:00:00Z,Shelter,0.042
2006-09-01T00:00:00Z,Medical care services,0.044
2006-09-01T00:00:00Z,Education and communication,0.027
2006-10-01T00:00:00Z,All items,0.013
2006-10-01T00:00:00Z,Food,0.026
2006-10-01T00:00:00Z,Food at home,0.023
2006-10-01T00:00:00Z,Food away from home,0.03
2006-10-01T00:00:00Z,Energy,-0.113
2006-10-01T00:00:00Z,Gasoline (all types),-0.183
2006-10-01T00:00:00Z,Electricity,0.104
2006-10-01T00:00:00Z,Natural gas (piped),-0.24
2006-10-01T00:00:00Z,All items less food and energy,0.027
2006-10-01T00:00:00Z,Commodities less food and energy commodities,0.001
2006-10-01T00:00:00Z,Apparel,0.005
2006-10-01T00:00:00Z,New vehicles,-0.002
2006-10-01T00:00:00Z,Medical care commodities,0.033
2006-10-01T00:00:00Z,Services less energy services,0.038
2006-10-01T00:00:00Z,Shelter,0.04
2006-10-01T00:00:00Z,Medical care services,0.042
2006-10-01T00:00:00Z,Education and communication,0.03
2006-11-01T00:00:00Z,All items,0.02
2006-11-01T00:00:00Z,Food,0.023
2006-11-01T00:00:00Z,Food at home,0.017
2006-11-01T00:00:00Z,Food away from home,0.031
2006-11-01T00:00:00Z,Energy,-0.038
2006-11-01T00:00:00Z,Gasoline (all types),-0.042
2006-11-01T00:00:00Z,Electricity,0.065
2006-11-01T00:00:00Z,Natural gas (piped),-0.198
2006-11-01T00:00:00Z,All items less food and energy,0.026
2006-11-01T00:00:00Z,Commodities less food and energy commodities,-0.001
2006-11-01T00:00:00Z,Apparel,0.002
2006-11-01T00:00:00Z,New vehicles,-0.009
2006-11-01T00:00:00Z,Medical care commodities,0.022
2006-11-01T00:00:00Z,Services less energy services,0.037
2006-11-01T00:00:00Z,Shelter,0.042
2006-11-01T00:00:00Z,Medical care services,0.041
2006-11-01T00:00:00Z,Education and communication,0.024
2006-12-01T00:00:00Z,All items,0.025
2006-12-01T00:00:00Z,Food,0.021
2006-12-01T00:00:00Z,Food at home,0.014
2006-12-01T00:00:00Z,Food away from home,0.032
2006-12-01T00:00:00Z,Energy,0.029
2006-12-01T00:00:00Z,Gasoline (all types),0.064
2006-12-01T00:00:00Z,Electricity,0.075
2006-12-01T00:00:00Z,Natural gas (piped),-0.142
2006-12-01T00:00:00Z,All items less food and energy,0.026
2006-12-01T00:00:00Z,Commodities less food and energy commodities,-0.001
2006-12-01T00:00:00Z,Apparel,0.009
2006-12-01T00:00:00Z,New vehicles,-0.009
2006-12-01T00:00:00Z,Medical care commodities,0.018
2006-12-01T00:00:00Z,Services less energy services,0.037
2006-12-01T00:00:00Z,Shelter,0.042
2006-12-01T00:00:00Z,Medical care services,0.041
2006-12-01T00:00:00Z,Education and communication,0.023
2007-01-01T00:00:00Z,All items,0.021
2007-01-01T00:00:00Z,Food,0.024
2007-01-01T00:00:00Z,Food at home,0.017
2007-01-01T00:00:00Z,Food away from home,0.033
2007-01-01T00:00:00Z,Energy,-0.031
2007-01-01T00:00:00Z,Gasoline (all types),-0.027
2007-01-01T00:00:00Z,Electricity,0.041
2007-01-01T00:00:00Z,Natural gas (piped),-0.177
2007-01-01T00:00:00Z,All items less food and energy,0.027
2007-01-01T00:00:00Z,Commodities less food and energy commodities,-0.002
2007-01-01T00:00:00Z,Apparel,0.009
2007-01-01T00:00:00Z,New vehicles,-0.012
2007-01-01T00:00:00Z,Medical care commodities,0.022
2007-01-01T00:00:00Z,Services less energy services,0.038
2007-01-01T00:00:00Z,Shelter,0.043
2007-01-01T00:00:00Z,Medical care services,0.049
2007-01-01T00:00:00Z,Education and communication,0.018
2007-02-01T00:00:00Z,All items,0.024
2007-02-01T00:00:00Z,Food,0.031
2007-02-01T00:00:00Z,Food at home,0.029
2007-02-01T00:00:00Z,Food away from home,0.034
2007-02-01T00:00:00Z,Energy,-0.01
2007-02-01T00:00:00Z,Gasoline (all types),-0.014
2007-02-01T00:00:00Z,Electricity,0.037
2007-02-01T00:00:00Z,Natural gas (piped),-0.097
2007-02-01T00:00:00Z,All items less food and energy,0.027
2007-02-01T00:00:00Z,Commodities less food and energy commodities,0
2007-02-01T00:00:00Z,Apparel,0.021
2007-02-01T00:00:00Z,New vehicles,-0.014
2007-02-01T00:00:00Z,Medical care commodities,0.016
2007-02-01T00:00:00Z,Services less energy services,0.038
2007-02-01T00:00:00Z,Shelter,0.042
2007-02-01T00:00:00Z,Medical care services,0.051
2007-02-01T00:00:00Z,Education and communication,0.02
2007-03-01T00:00:00Z,All items,0.028
2007-03-01T00:00:00Z,Food,0.033
2007-03-01T00:00:00Z,Food at home,0.034
2007-03-01T00:00:00Z,Food away from home,0.033
2007-03-01T00:00:00Z,Energy,0.044
2007-03-01T00:00:00Z,Gasoline (all types),0.072
2007-03-01T00:00:00Z,Electricity,0.038
2007-03-01T00:00:00Z,Natural gas (piped),-0.032
2007-03-01T00:00:00Z,All items less food and energy,0.025
2007-03-01T00:00:00Z,Commodities less food and energy commodities,-0.003
2007-03-01T00:00:00Z,Apparel,0.005
2007-03-01T00:00:00Z,New vehicles,-0.011
2007-03-01T00:00:00Z,Medical care commodities,0.009
2007-03-01T00:00:00Z,Services less energy services,0.036
2007-03-01T00:00:00Z,Shelter,0.039
2007-03-01T00:00:00Z,Medical care services,0.049
2007-03-01T00:00:00Z,Education and communication,0.023
2007-04-01T00:00:00Z,All items,0.026
2007-04-01T00:00:00Z,Food,0.037
2007-04-01T00:00:00Z,Food at home,0.039
2007-04-01T00:00:00Z,Food away from home,0.034
2007-04-01T00:00:00Z,Energy,0.029
2007-04-01T00:00:00Z,Gasoline (all types),0.032
2007-04-01T00:00:00Z,Electricity,0.037
2007-04-01T00:00:00Z,Natural gas (piped),0.002
2007-04-01T00:00:00Z,All items less food and energy,0.023
2007-04-01T00:00:00Z,Commodities less food and energy commodities,-0.005
2007-04-01T00:00:00Z,Apparel,-0.004
2007-04-01T00:00:00Z,New vehicles,-0.01
2007-04-01T00:00:00Z,Medical care commodities,0.011
2007-04-01T00:00:00Z,Services less energy services,0.035
2007-04-01T00:00:00Z,Shelter,0.039
2007-04-01T00:00:00Z,Medical care services,0.05
2007-04-01T00:00:00Z,Education and communication,0.022
2007-05-01T00:00:00Z,All items,0.027
2007-05-01T00:00:00Z,Food,0.039
2007-05-01T00:00:00Z,Food at home,0.044
2007-05-01T00:00:00Z,Food away from home,0.033
2007-05-01T00:00:00Z,Energy,0.047
2007-05-01T00:00:00Z,Gasoline (all types),0.06
2007-05-01T00:00:00Z,Electricity,0.041
2007-05-01T00:00:00Z,Natural gas (piped),0.017
2007-05-01T00:00:00Z,All items less food and energy,0.022
2007-05-01T00:00:00Z,Commodities less food and energy commodities,-0.007
2007-05-01T00:00:00Z,Apparel,-0.008
2007-05-01T00:00:00Z,New vehicles,-0.01
2007-05-01T00:00:00Z,Medical care commodities,0.008
2007-05-01T00:00:00Z,Services less energy services,0.034
2007-05-01T00:00:00Z,Shelter,0.038
2007-05-01T00:00:00Z,Medical care services,0.05
2007-05-01T00:00:00Z,Education and communication,0.027
2007-06-01T00:00:00Z,All items,0.027
2007-06-01T00:00:00Z,Food,0.041
2007-06-01T00:00:00Z,Food at home,0.046
2007-06-01T00:00:00Z,Food away from home,0.034
2007-06-01T00:00:00Z,Energy,0.046
2007-06-01T00:00:00Z,Gasoline (all types),0.05
2007-06-01T00:00:00Z,Electricity,0.034
2007-06-01T00:00:00Z,Natural gas (piped),0.072
2007-06-01T00:00:00Z,All items less food and energy,0.022
2007-06-01T00:00:00Z,Commodities less food and energy commodities,-0.008
2007-06-01T00:00:00Z,Apparel,-0.014
2007-06-01T00:00:00Z,New vehicles,-0.01
2007-06-01T00:00:00Z,Medical care commodities,0.008
2007-06-01T00:00:00Z,Services less energy services,0.034
2007-06-01T00:00:00Z,Shelter,0.038
2007-06-01T00:00:00Z,Medical care services,0.05
2007-06-01T00:00:00Z,Education and communication,0.024
2007-07-01T00:00:00Z,All items,0.024
2007-07-01T00:00:00Z,Food,0.042
2007-07-01T00:00:00Z,Food at home,0.046
2007-07-01T00:00:00Z,Food away from home,0.036
2007-07-01T00:00:00Z,Energy,0.01
2007-07-01T00:00:00Z,Gasoline (all types),-0.011
2007-07-01T00:00:00Z,Electricity,0.031
2007-07-01T00:00:00Z,Natural gas (piped),0.052
2007-07-01T00:00:00Z,All items less food and energy,0.022
2007-07-01T00:00:00Z,Commodities less food and energy commodities,-0.006
2007-07-01T00:00:00Z,Apparel,-0.003
2007-07-01T00:00:00Z,New vehicles,-0.011
2007-07-01T00:00:00Z,Medical care commodities,0.011
2007-07-01T00:00:00Z,Services less energy services,0.033
2007-07-01T00:00:00Z,Shelter,0.036
2007-07-01T00:00:00Z,Medical care services,0.054
2007-07-01T00:00:00Z,Education and communication,0.023
2007-08-01T00:00:00Z,All items,0.02
2007-08-01T00:00:00Z,Food,0.043
2007-08-01T00:00:00Z,Food at home,0.047
2007-08-01T00:00:00Z,Food away from home,0.038
2007-08-01T00:00:00Z,Energy,-0.025
2007-08-01T00:00:00Z,Gasoline (all types),-0.064
2007-08-01T00:00:00Z,Electricity,0.03
2007-08-01T00:00:00Z,Natural gas (piped),0.005
2007-08-01T00:00:00Z,All items less food and energy,0.021
2007-08-01T00:00:00Z,Commodities less food and energy commodities,-0.007
2007-08-01T00:00:00Z,Apparel,-0.014
2007-08-01T00:00:00Z,New vehicles,-0.009
2007-08-01T00:00:00Z,Medical care commodities,0.012
2007-08-01T00:00:00Z,Services less energy services,0.032
2007-08-01T00:00:00Z,Shelter,0.034
2007-08-01T00:00:00Z,Medical care services,0.055
2007-08-01T00:00:00Z,Education and communication,0.024
2007-09-01T00:00:00Z,All items,0.028
2007-09-01T00:00:00Z,Food,0.045
2007-09-01T00:00:00Z,Food at home,0.047
2007-09-01T00:00:00Z,Food away from home,0.041
2007-09-01T00:00:00Z,Energy,0.053
2007-09-01T00:00:00Z,Gasoline (all types),0.087
2007-09-01T00:00:00Z,Electricity,0.031
2007-09-01T00:00:00Z,Natural gas (piped),-0.026
2007-09-01T00:00:00Z,All items less food and energy,0.021
2007-09-01T00:00:00Z,Commodities less food and energy commodities,-0.008
2007-09-01T00:00:00Z,Apparel,-0.018
2007-09-01T00:00:00Z,New vehicles,-0.01
2007-09-01T00:00:00Z,Medical care commodities,0.011
2007-09-01T00:00:00Z,Services less energy services,0.033
2007-09-01T00:00:00Z,Shelter,0.035
2007-09-01T00:00:00Z,Medical care services,0.056
2007-09-01T00:00:00Z,Education and communication,0.024
2007-10-01T00:00:00Z,All items,0.035
2007-10-01T00:00:00Z,Food,0.044
2007-10-01T00:00:00Z,Food at home,0.047
2007-10-01T00:00:00Z,Food away from home,0.041
2007-10-01T00:00:00Z,Energy,0.145
2007-10-01T00:00:00Z,Gasoline (all types),0.234
2007-10-01T00:00:00Z,Electricity,0.047
2007-10-01T00:00:00Z,Natural gas (piped),0.059
2007-10-01T00:00:00Z,All items less food and energy,0.022
2007-10-01T00:00:00Z,Commodities less food and energy commodities,-0.005
2007-10-01T00:00:00Z,Apparel,-0.012
2007-10-01T00:00:00Z,New vehicles,-0.011
2007-10-01T00:00:00Z,Medical care commodities,0.014
2007-10-01T00:00:00Z,Services less energy services,0.032
2007-10-01T00:00:00Z,Shelter,0.032
2007-10-01T00:00:00Z,Medical care services,0.059
2007-10-01T00:00:00Z,Education and communication,0.026
2007-11-01T00:00:00Z,All items,0.043
2007-11-01T00:00:00Z,Food,0.048
2007-11-01T00:00:00Z,Food at home,0.054
2007-11-01T00:00:00Z,Food away from home,0.041
2007-11-01T00:00:00Z,Energy,0.214
2007-11-01T00:00:00Z,Gasoline (all types),0.371
2007-11-01T00:00:00Z,Electricity,0.055
2007-11-01T00:00:00Z,Natural gas (piped),0.019
2007-11-01T00:00:00Z,All items less food and energy,0.023
2007-11-01T00:00:00Z,Commodities less food and energy commodities,0
2007-11-01T00:00:00Z,Apparel,-0.004
2007-11-01T00:00:00Z,New vehicles,-0.004
2007-11-01T00:00:00Z,Medical care commodities,0.023
2007-11-01T00:00:00Z,Services less energy services,0.033
2007-11-01T00:00:00Z,Shelter,0.031
2007-11-01T00:00:00Z,Medical care services,0.058
2007-11-01T00:00:00Z,Education and communication,0.028
2007-12-01T00:00:00Z,All items,0.041
2007-12-01T00:00:00Z,Food,0.049
2007-12-01T00:00:00Z,Food at home,0.056
2007-12-01T00:00:00Z,Food away from home,0.04
2007-12-01T00:00:00Z,Energy,0.174
2007-12-01T00:00:00Z,Gasoline (all types),0.296
2007-12-01T00:00:00Z,Electricity,0.052
2007-12-01T00:00:00Z,Natural gas (piped),-0.004
2007-12-01T00:00:00Z,All items less food and energy,0.024
2007-12-01T00:00:00Z,Commodities less food and energy commodities,0.001
2007-12-01T00:00:00Z,Apparel,-0.003
2007-12-01T00:00:00Z,New vehicles,-0.003
2007-12-01T00:00:00Z,Medical care commodities,0.027
2007-12-01T00:00:00Z,Services less energy services,0.033
2007-12-01T00:00:00Z,Shelter,0.031
2007-12-01T00:00:00Z,Medical care services,0.059
2007-12-01T00:00:00Z,Education and communication,0.03
2008-01-01T00:00:00Z,All items,0.043
2008-01-01T00:00:00Z,Food,0.049
2008-01-01T00:00:00Z,Food at home,0.058
2008-01-01T00:00:00Z,Food away from home,0.039
2008-01-01T00:00:00Z,Energy,0.196
2008-01-01T00:00:00Z,Gasoline (all types),0.345
2008-01-01T00:00:00Z,Electricity,0.037
2008-01-01T00:00:00Z,Natural gas (piped),0.012
2008-01-01T00:00:00Z,All items less food and energy,0.025
2008-01-01T00:00:00Z,Commodities less food and energy commodities,0.002
2008-01-01T00:00:00Z,Apparel,-0.002
2008-01-01T00:00:00Z,New vehicles,-0.006
2008-01-01T00:00:00Z,Medical care commodities,0.025
2008-01-01T00:00:00Z,Services less energy services,0.034
2008-01-01T00:00:00Z,Shelter,0.031
2008-01-01T00:00:00Z,Medical care services,0.057
2008-01-01T00:00:00Z,Education and communication,0.034
2008-02-01T00:00:00Z,All items,0.04
2008-02-01T00:00:00Z,Food,0.046
2008-02-01T00:00:00Z,Food at home,0.051
2008-02-01T00:00:00Z,Food away from home,0.039
2008-02-01T00:00:00Z,Energy,0.189
2008-02-01T00:00:00Z,Gasoline (all types),0.327
2008-02-01T00:00:00Z,Electricity,0.034
2008-02-01T00:00:00Z,Natural gas (piped),0.035
2008-02-01T00:00:00Z,All items less food and energy,0.023
2008-02-01T00:00:00Z,Commodities less food and energy commodities,0
2008-02-01T00:00:00Z,Apparel,-0.01
2008-02-01T00:00:00Z,New vehicles,-0.008
2008-02-01T00:00:00Z,Medical care commodities,0.029
2008-02-01T00:00:00Z,Services less energy services,0.032
2008-02-01T00:00:00Z,Shelter,0.029
2008-02-01T00:00:00Z,Medical care services,0.05
2008-02-01T00:00:00Z,Education and communication,0.032
2008-03-01T00:00:00Z,All items,0.04
2008-03-01T00:00:00Z,Food,0.045
2008-03-01T00:00:00Z,Food at home,0.047
2008-03-01T00:00:00Z,Food away from home,0.041
2008-03-01T00:00:00Z,Energy,0.17
2008-03-01T00:00:00Z,Gasoline (all types),0.26
2008-03-01T00:00:00Z,Electricity,0.037
2008-03-01T00:00:00Z,Natural gas (piped),0.053
2008-03-01T00:00:00Z,All items less food and energy,0.024
2008-03-01T00:00:00Z,Commodities less food and energy commodities,0
2008-03-01T00:00:00Z,Apparel,-0.014
2008-03-01T00:00:00Z,New vehicles,-0.011
2008-03-01T00:00:00Z,Medical care commodities,0.036
2008-03-01T00:00:00Z,Services less energy services,0.033
2008-03-01T00:00:00Z,Shelter,0.029
2008-03-01T00:00:00Z,Medical care services,0.048
2008-03-01T00:00:00Z,Education and communication,0.03
2008-04-01T00:00:00Z,All items,0.039
2008-04-01T00:00:00Z,Food,0.051
2008-04-01T00:00:00Z,Food at home,0.059
2008-04-01T00:00:00Z,Food away from home,0.041
2008-04-01T00:00:00Z,Energy,0.159
2008-04-01T00:00:00Z,Gasoline (all types),0.207
2008-04-01T00:00:00Z,Electricity,0.05
2008-04-01T00:00:00Z,Natural gas (piped),0.109
2008-04-01T00:00:00Z,All items less food and energy,0.023
2008-04-01T00:00:00Z,Commodities less food and energy commodities,0.001
2008-04-01T00:00:00Z,Apparel,-0.007
2008-04-01T00:00:00Z,New vehicles,-0.013
2008-04-01T00:00:00Z,Medical care commodities,0.03
2008-04-01T00:00:00Z,Services less energy services,0.031
2008-04-01T00:00:00Z,Shelter,0.026
2008-04-01T00:00:00Z,Medical care services,0.047
2008-04-01T00:00:00Z,Education and communication,0.032
2008-05-01T00:00:00Z,All items,0.042
2008-05-01T00:00:00Z,Food,0.051
2008-05-01T00:00:00Z,Food at home,0.058
2008-05-01T00:00:00Z,Food away from home,0.043
2008-05-01T00:00:00Z,Energy,0.174
2008-05-01T00:00:00Z,Gasoline (all types),0.208
2008-05-01T00:00:00Z,Electricity,0.058
2008-05-01T00:00:00Z,Natural gas (piped),0.165
2008-05-01T00:00:00Z,All items less food and energy,0.023
2008-05-01T00:00:00Z,Commodities less food and energy commodities,0.001
2008-05-01T00:00:00Z,Apparel,-0.006
2008-05-01T00:00:00Z,New vehicles,-0.012
2008-05-01T00:00:00Z,Medical care commodities,0.022
2008-05-01T00:00:00Z,Services less energy services,0.032
2008-05-01T00:00:00Z,Shelter,0.026
2008-05-01T00:00:00Z,Medical care services,0.047
2008-05-01T00:00:00Z,Education and communication,0.03
2008-06-01T00:00:00Z,All items,0.05
2008-06-01T00:00:00Z,Food,0.053
2008-06-01T00:00:00Z,Food at home,0.061
2008-06-01T00:00:00Z,Food away from home,0.044
2008-06-01T00:00:00Z,Energy,0.247
2008-06-01T00:00:00Z,Gasoline (all types),0.328
2008-06-01T00:00:00Z,Electricity,0.056
2008-06-01T00:00:00Z,Natural gas (piped),0.215
2008-06-01T00:00:00Z,All items less food and energy,0.024
2008-06-01T00:00:00Z,Commodities less food and energy commodities,0.002
2008-06-01T00:00:00Z,Apparel,-0.002
2008-06-01T00:00:00Z,New vehicles,-0.01
2008-06-01T00:00:00Z,Medical care commodities,0.023
2008-06-01T00:00:00Z,Services less energy services,0.033
2008-06-01T00:00:00Z,Shelter,0.025
2008-06-01T00:00:00Z,Medical care services,0.046
2008-06-01T00:00:00Z,Education and communication,0.034
2008-07-01T00:00:00Z,All items,0.056
2008-07-01T00:00:00Z,Food,0.06
2008-07-01T00:00:00Z,Food at home,0.071
2008-07-01T00:00:00Z,Food away from home,0.046
2008-07-01T00:00:00Z,Energy,0.293
2008-07-01T00:00:00Z,Gasoline (all types),0.379
2008-07-01T00:00:00Z,Electricity,0.079
2008-07-01T00:00:00Z,Natural gas (piped),0.327
2008-07-01T00:00:00Z,All items less food and energy,0.025
2008-07-01T00:00:00Z,Commodities less food and energy commodities,0.006
2008-07-01T00:00:00Z,Apparel,0.008
2008-07-01T00:00:00Z,New vehicles,-0.008
2008-07-01T00:00:00Z,Medical care commodities,0.016
2008-07-01T00:00:00Z,Services less energy services,0.033
2008-07-01T00:00:00Z,Shelter,0.025
2008-07-01T00:00:00Z,Medical care services,0.041
2008-07-01T00:00:00Z,Education and communication,0.037
2008-08-01T00:00:00Z,All items,0.054
2008-08-01T00:00:00Z,Food,0.061
2008-08-01T00:00:00Z,Food at home,0.075
2008-08-01T00:00:00Z,Food away from home,0.045
2008-08-01T00:00:00Z,Energy,0.272
2008-08-01T00:00:00Z,Gasoline (all types),0.356
2008-08-01T00:00:00Z,Electricity,0.091
2008-08-01T00:00:00Z,Natural gas (piped),0.293
2008-08-01T00:00:00Z,All items less food and energy,0.025
2008-08-01T00:00:00Z,Commodities less food and energy commodities,0.006
2008-08-01T00:00:00Z,Apparel,0.017
2008-08-01T00:00:00Z,New vehicles,-0.013
2008-08-01T00:00:00Z,Medical care commodities,0.013
2008-08-01T00:00:00Z,Services less energy services,0.033
2008-08-01T00:00:00Z,Shelter,0.024
2008-08-01T00:00:00Z,Medical care services,0.039
2008-08-01T00:00:00Z,Education and communication,0.036
2008-09-01T00:00:00Z,All items,0.049
2008-09-01T00:00:00Z,Food,0.062
2008-09-01T00:00:00Z,Food at home,0.076
2008-09-01T00:00:00Z,Food away from home,0.045
2008-09-01T00:00:00Z,Energy,0.231
2008-09-01T00:00:00Z,Gasoline (all types),0.317
2008-09-01T00:00:00Z,Electricity,0.077
2008-09-01T00:00:00Z,Natural gas (piped),0.19
2008-09-01T00:00:00Z,All items less food and energy,0.025
2008-09-01T00:00:00Z,Commodities less food and energy commodities,0.005
2008-09-01T00:00:00Z,Apparel,0.014
2008-09-01T00:00:00Z,New vehicles,-0.019
2008-09-01T00:00:00Z,Medical care commodities,0.014
2008-09-01T00:00:00Z,Services less energy services,0.032
2008-09-01T00:00:00Z,Shelter,0.024
2008-09-01T00:00:00Z,Medical care services,0.038
2008-09-01T00:00:00Z,Education and communication,0.035
2008-10-01T00:00:00Z,All items,0.037
2008-10-01T00:00:00Z,Food,0.063
2008-10-01T00:00:00Z,Food at home,0.075
2008-10-01T00:00:00Z,Food away from home,0.048
2008-10-01T00:00:00Z,Energy,0.115
2008-10-01T00:00:00Z,Gasoline (all types),0.12
2008-10-01T00:00:00Z,Electricity,0.081
2008-10-01T00:00:00Z,Natural gas (piped),0.139
2008-10-01T00:00:00Z,All items less food and energy,0.022
2008-10-01T00:00:00Z,Commodities less food and energy commodities,0.001
2008-10-01T00:00:00Z,Apparel,0.003
2008-10-01T00:00:00Z,New vehicles,-0.023
2008-10-01T00:00:00Z,Medical care commodities,0.012
2008-10-01T00:00:00Z,Services less energy services,0.03
2008-10-01T00:00:00Z,Shelter,0.022
2008-10-01T00:00:00Z,Medical care services,0.034
2008-10-01T00:00:00Z,Education and communication,0.034
2008-11-01T00:00:00Z,All items,0.011
2008-11-01T00:00:00Z,Food,0.06
2008-11-01T00:00:00Z,Food at home,0.07
2008-11-01T00:00:00Z,Food away from home,0.049
2008-11-01T00:00:00Z,Energy,-0.133
2008-11-01T00:00:00Z,Gasoline (all types),-0.294
2008-11-01T00:00:00Z,Electricity,0.081
2008-11-01T00:00:00Z,Natural gas (piped),0.075
2008-11-01T00:00:00Z,All items less food and energy,0.02
2008-11-01T00:00:00Z,Commodities less food and energy commodities,-0.002
2008-11-01T00:00:00Z,Apparel,0
2008-11-01T00:00:00Z,New vehicles,-0.029
2008-11-01T00:00:00Z,Medical care commodities,0.014
2008-11-01T00:00:00Z,Services less energy services,0.029
2008-11-01T00:00:00Z,Shelter,0.022
2008-11-01T00:00:00Z,Medical care services,0.031
2008-11-01T00:00:00Z,Education and communication,0.036
2008-12-01T00:00:00Z,All items,0.001
2008-12-01T00:00:00Z,Food,0.059
2008-12-01T00:00:00Z,Food at home,0.066
2008-12-01T00:00:00Z,Food away from home,0.05
2008-12-01T00:00:00Z,Energy,-0.213
2008-12-01T00:00:00Z,Gasoline (all types),-0.431
2008-12-01T00:00:00Z,Electricity,0.086
2008-12-01T00:00:00Z,Natural gas (piped),0.055
2008-12-01T00:00:00Z,All items less food and energy,0.018
2008-12-01T00:00:00Z,Commodities less food and energy commodities,-0.006
2008-12-01T00:00:00Z,Apparel,-0.01
2008-12-01T00:00:00Z,New vehicles,-0.032
2008-12-01T00:00:00Z,Medical care commodities,0.016
2008-12-01T00:00:00Z,Services less energy services,0.027
2008-12-01T00:00:00Z,Shelter,0.019
2008-12-01T00:00:00Z,Medical care services,0.03
2008-12-01T00:00:00Z,Education and communication,0.036
2009-01-01T00:00:00Z,All items,0
2009-01-01T00:00:00Z,Food,0.053
2009-01-01T00:00:00Z,Food at home,0.057
2009-01-01T00:00:00Z,Food away from home,0.049
2009-01-01T00:00:00Z,Energy,-0.204
2009-01-01T00:00:00Z,Gasoline (all types),-0.404
2009-01-01T00:00:00Z,Electricity,0.087
2009-01-01T00:00:00Z,Natural gas (piped),0.032
2009-01-01T00:00:00Z,All items less food and energy,0.017
2009-01-01T00:00:00Z,Commodities less food and energy commodities,-0.005
2009-01-01T00:00:00Z,Apparel,-0.009
2009-01-01T00:00:00Z,New vehicles,-0.026
2009-01-01T00:00:00Z,Medical care commodities,0.016
2009-01-01T00:00:00Z,Services less energy services,0.025
2009-01-01T00:00:00Z,Shelter,0.018
2009-01-01T00:00:00Z,Medical care services,0.03
2009-01-01T00:00:00Z,Education and communication,0.036
2009-02-01T00:00:00Z,All items,0.002
2009-02-01T00:00:00Z,Food,0.048
2009-02-01T00:00:00Z,Food at home,0.048
2009-02-01T00:00:00Z,Food away from home,0.048
2009-02-01T00:00:00Z,Energy,-0.185
2009-02-01T00:00:00Z,Gasoline (all types),-0.356
2009-02-01T00:00:00Z,Electricity,0.092
2009-02-01T00:00:00Z,Natural gas (piped),-0.033
2009-02-01T00:00:00Z,All items less food and energy,0.018
2009-02-01T00:00:00Z,Commodities less food and energy commodities,0
2009-02-01T00:00:00Z,Apparel,0.008
2009-02-01T00:00:00Z,New vehicles,-0.015
2009-02-01T00:00:00Z,Medical care commodities,0.02
2009-02-01T00:00:00Z,Services less energy services,0.025
2009-02-01T00:00:00Z,Shelter,0.017
2009-02-01T00:00:00Z,Medical care services,0.031
2009-02-01T00:00:00Z,Education and communication,0.036
2009-03-01T00:00:00Z,All items,-0.004
2009-03-01T00:00:00Z,Food,0.044
2009-03-01T00:00:00Z,Food at home,0.043
2009-03-01T00:00:00Z,Food away from home,0.046
2009-03-01T00:00:00Z,Energy,-0.23
2009-03-01T00:00:00Z,Gasoline (all types),-0.393
2009-03-01T00:00:00Z,Electricity,0.082
2009-03-01T00:00:00Z,Natural gas (piped),-0.114
2009-03-01T00:00:00Z,All items less food and energy,0.018
2009-03-01T00:00:00Z,Commodities less food and energy commodities,0.004
2009-03-01T00:00:00Z,Apparel,0.014
2009-03-01T00:00:00Z,New vehicles,-0.008
2009-03-01T00:00:00Z,Medical care commodities,0.019
2009-03-01T00:00:00Z,Services less energy services,0.023
2009-03-01T00:00:00Z,Shelter,0.015
2009-03-01T00:00:00Z,Medical care services,0.031
2009-03-01T00:00:00Z,Education and communication,0.036
2009-04-01T00:00:00Z,All items,-0.007
2009-04-01T00:00:00Z,Food,0.033
2009-04-01T00:00:00Z,Food at home,0.023
2009-04-01T00:00:00Z,Food away from home,0.046
2009-04-01T00:00:00Z,Energy,-0.252
2009-04-01T00:00:00Z,Gasoline (all types),-0.395
2009-04-01T00:00:00Z,Electricity,0.063
2009-04-01T00:00:00Z,Natural gas (piped),-0.21
2009-04-01T00:00:00Z,All items less food and energy,0.019
2009-04-01T00:00:00Z,Commodities less food and energy commodities,0.009
2009-04-01T00:00:00Z,Apparel,0.009
2009-04-01T00:00:00Z,New vehicles,-0.002
2009-04-01T00:00:00Z,Medical care commodities,0.024
2009-04-01T00:00:00Z,Services less energy services,0.023
2009-04-01T00:00:00Z,Shelter,0.016
2009-04-01T00:00:00Z,Medical care services,0.033
2009-04-01T00:00:00Z,Education and communication,0.034
2009-05-01T00:00:00Z,All items,-0.013
2009-05-01T00:00:00Z,Food,0.027
2009-05-01T00:00:00Z,Food at home,0.015
2009-05-01T00:00:00Z,Food away from home,0.042
2009-05-01T00:00:00Z,Energy,-0.273
2009-05-01T00:00:00Z,Gasoline (all types),-0.394
2009-05-01T00:00:00Z,Electricity,0.048
2009-05-01T00:00:00Z,Natural gas (piped),-0.294
2009-05-01T00:00:00Z,All items less food and energy,0.018
2009-05-01T00:00:00Z,Commodities less food and energy commodities,0.012
2009-05-01T00:00:00Z,Apparel,0.008
2009-05-01T00:00:00Z,New vehicles,0.004
2009-05-01T00:00:00Z,Medical care commodities,0.033
2009-05-01T00:00:00Z,Services less energy services,0.021
2009-05-01T00:00:00Z,Shelter,0.015
2009-05-01T00:00:00Z,Medical care services,0.032
2009-05-01T00:00:00Z,Education and communication,0.034
2009-06-01T00:00:00Z,All items,-0.014
2009-06-01T00:00:00Z,Food,0.021
2009-06-01T00:00:00Z,Food at home,0.008
2009-06-01T00:00:00Z,Food away from home,0.038
2009-06-01T00:00:00Z,Energy,-0.255
2009-06-01T00:00:00Z,Gasoline (all types),-0.346
2009-06-01T00:00:00Z,Electricity,0.028
2009-06-01T00:00:00Z,Natural gas (piped),-0.322
2009-06-01T00:00:00Z,All items less food and energy,0.017
2009-06-01T00:00:00Z,Commodities less food and energy commodities,0.015
2009-06-01T00:00:00Z,Apparel,0.015
2009-06-01T00:00:00Z,New vehicles,0.009
2009-06-01T00:00:00Z,Medical care commodities,0.032
2009-06-01T00:00:00Z,Services less energy services,0.018
2009-06-01T00:00:00Z,Shelter,0.013
2009-06-01T00:00:00Z,Medical care services,0.031
2009-06-01T00:00:00Z,Education and communication,0.03
2009-07-01T00:00:00Z,All items,-0.021
2009-07-01T00:00:00Z,Food,0.009
2009-07-01T00:00:00Z,Food at home,-0.009
2009-07-01T00:00:00Z,Food away from home,0.032
2009-07-01T00:00:00Z,Energy,-0.281
2009-07-01T00:00:00Z,Gasoline (all types),-0.373
2009-07-01T00:00:00Z,Electricity,0.001
2009-07-01T00:00:00Z,Natural gas (piped),-0.362
2009-07-01T00:00:00Z,All items less food and energy,0.015
2009-07-01T00:00:00Z,Commodities less food and energy commodities,1
2009-07-01T00:00:00Z,Apparel,NA
2009-07-01T00:00:00Z,New vehicles,NA
2009-07-01T00:00:00Z,Medical care commodities,NA
2009-07-01T00:00:00Z,Services less energy services,NA
2009-07-01T00:00:00Z,Shelter,NA
2009-07-01T00:00:00Z,Medical care services,NA
2009-07-01T00:00:00Z,Education and communication,NA
